{"mean_partial_fit_time": [1.9900312992770977, 2.1159037601800614, 1.946342426072423, 1.9068995807396532, 2.0381625856391685, 2.063510771150942, 1.8938364874678875, 1.8171685899726648, 1.82390360380887, 3.593319423895314, 2.672116051976082, 2.917275480772733, 3.324532400923992, 2.663793531464942, 2.600705616758684, 2.5896214094672185, 2.354928890864054, 2.0559853065161056, 4.470981255480291, 2.6143322363802435, 2.8975435441413535, 1.8372378545533483, 2.3535494735702076, 2.9373150303530595, 2.3600061773763272, 2.194083338411747, 2.021692203396142, 1.940049893571516, 3.4582657990632235, 1.8437246569880732, 1.9876481741053578, 2.308777921974904], "mean_score_time": [1.0631974989494668, 1.13390625160908, 1.0155245413996064, 1.0329229753203844, 1.1114517602410336, 1.0813159285258855, 1.0969094935758614, 1.0312051880997395, 1.0479326336472123, 1.3135486169116488, 1.227475152584751, 1.395364959544115, 1.338872693693687, 1.2149953253475236, 1.1486758351816562, 1.2451698112880252, 1.1923775663101133, 1.0897868121111836, 2.0234867780787464, 1.2420769797431097, 1.409841695440159, 1.0357910134664778, 1.236084152151037, 1.3461790869756, 1.2372058065830436, 1.1374740198315907, 1.0503808667139751, 1.0495433110759091, 1.429086720501935, 1.031959670070758, 1.0589781867133246, 1.2505357442078766], "std_partial_fit_time": [0.585759920925475, 0.44106075017362806, 0.4750547518276479, 0.4354808285495492, 0.31886920714407857, 0.414415687832184, 0.336751844770885, 0.38589433185594174, 0.3571004034030126, 0.5872754896767888, 0.7305137788273319, 0.6395962851899992, 0.6459016688490627, 0.5359190239520145, 0.6120707937656558, 0.4159502290594573, 0.5490063741525065, 0.4673375894183016, 1.3701603290554998, 0.5052921085537994, 0.6681202703700808, 0.4182154115494464, 0.5562963012437602, 0.7290470818819621, 0.3657847788855644, 0.46669586072838515, 0.6627879741282572, 0.4244053582945519, 0.5965780223345883, 0.2668667459772958, 0.3963396253937406, 0.3789213383657398], "std_score_time": [0.3119970662293027, 0.47237240478477893, 0.24474242459082088, 0.3044561289800188, 0.36277235035761995, 0.3413103512601224, 0.47181834276755674, 0.3110608596364057, 0.3950623581997341, 0.5703524269246366, 0.42576231854621194, 0.5349181868216037, 0.496137257358273, 0.36747710067026695, 0.29915301390006377, 0.3366090534914457, 0.47812615060431274, 0.3512484905377771, 0.5919075358122093, 0.3367922600388572, 0.5444225211990541, 0.3739549433182271, 0.5034296561947287, 0.5414770386276182, 0.4014917520288573, 0.29396152101018874, 0.28409951574786735, 0.3775951856195858, 0.5756829547561704, 0.3469162170922332, 0.45411413946085644, 0.36999027503165083], "test_score": [-0.191269189119339, -0.1564321517944336, -0.1153896227478981, -0.1364292949438095, -0.11498772352933884, -0.0974348783493042, -0.22150897979736328, -0.11520003527402878, -0.09792140871286392, -0.13551774621009827, -0.13882344961166382, -0.11951670050621033, -0.19507522881031036, -0.1192164346575737, -0.10465019941329956, -0.11702284961938858, -0.09996332228183746, -0.10665487498044968, -0.12964001297950745, -0.10612458735704422, -0.1800851970911026, -0.1144578605890274, -0.10030720382928848, -0.13938601315021515, -0.1274411529302597, -0.18694405257701874, -0.16252641379833221, -0.09641440957784653, -0.13256195187568665, -0.13298362493515015, -0.0997372418642044, -0.11532082408666611], "estimator_id": [0, 1, 2, 3, 4, 5, 6, 7, 8, 9, 10, 11, 12, 13, 14, 15, 16, 17, 18, 19, 20, 21, 22, 23, 24, 25, 26, 27, 28, 29, 30, 31], "params": [{"train_split": null, "optimizer__weight_decay": 8.296958520834916e-05, "optimizer__nesterov": true, "optimizer__momentum": 0.15815815815815815, "optimizer__lr": 0.04899933547366384, "optimizer": "SGD", "module__init": "xavier_uniform_", "module__activation": "LeakyReLU", "batch_size": 256}, {"train_split": null, "optimizer__weight_decay": 0.00019646866461804445, "optimizer__nesterov": true, "optimizer__momentum": 0.36436436436436437, "optimizer__lr": 0.04520174023414663, "optimizer": "SGD", "module__init": "kaiming_normal_", "module__activation": "PReLU", "batch_size": 128}, {"train_split": null, "optimizer__weight_decay": 0.00010544427935261685, "optimizer__nesterov": true, "optimizer__momentum": 0.40040040040040037, "optimizer__lr": 3.564938581802018, "optimizer": "SGD", "module__init": "kaiming_uniform_", "module__activation": "LeakyReLU", "batch_size": 256}, {"train_split": null, "optimizer__weight_decay": 0.0002578762887593801, "optimizer__nesterov": true, "optimizer__momentum": 0.9179179179179179, "optimizer__lr": 0.21420560511935155, "optimizer": "SGD", "module__init": "xavier_uniform_", "module__activation": "LeakyReLU", "batch_size": 256}, {"train_split": null, "optimizer__weight_decay": 3.284857366030047e-05, "optimizer__nesterov": true, "optimizer__momentum": 0.03203203203203203, "optimizer__lr": 0.5607234882852032, "optimizer": "SGD", "module__init": "kaiming_uniform_", "module__activation": "LeakyReLU", "batch_size": 128}, {"train_split": null, "optimizer__weight_decay": 0.00011195643194838783, "optimizer__nesterov": true, "optimizer__momentum": 0.5185185185185185, "optimizer__lr": 0.35567312527036726, "optimizer": "SGD", "module__init": "xavier_uniform_", "module__activation": "PReLU", "batch_size": 128}, {"train_split": null, "optimizer__weight_decay": 0, "optimizer__nesterov": true, "optimizer__momentum": 0.14214214214214213, "optimizer__lr": 0.07636298261282241, "optimizer": "SGD", "module__init": "kaiming_uniform_", "module__activation": "ReLU", "batch_size": 256}, {"train_split": null, "optimizer__weight_decay": 0, "optimizer__nesterov": true, "optimizer__momentum": 0.6726726726726726, "optimizer__lr": 0.11234417272482572, "optimizer": "SGD", "module__init": "xavier_normal_", "module__activation": "PReLU", "batch_size": 512}, {"train_split": null, "optimizer__weight_decay": 5.764488282925873e-05, "optimizer__nesterov": true, "optimizer__momentum": 0.6776776776776777, "optimizer__lr": 0.5838029245750189, "optimizer": "SGD", "module__init": "xavier_uniform_", "module__activation": "PReLU", "batch_size": 512}, {"train_split": null, "optimizer__weight_decay": 0.00016414029711444664, "optimizer__nesterov": true, "optimizer__momentum": 0.2732732732732733, "optimizer__lr": 3.909237823445728, "optimizer": "Adam", "module__init": "xavier_uniform_", "module__activation": "ReLU", "batch_size": 32}, {"train_split": null, "optimizer__weight_decay": 0.00011041880508541602, "optimizer__nesterov": true, "optimizer__momentum": 0.9459459459459459, "optimizer__lr": 0.8393129498166364, "optimizer": "Adam", "module__init": "kaiming_uniform_", "module__activation": "ReLU", "batch_size": 64}, {"train_split": null, "optimizer__weight_decay": 0.0001589282865622978, "optimizer__nesterov": true, "optimizer__momentum": 0.8408408408408409, "optimizer__lr": 0.10423606739764017, "optimizer": "SGD", "module__init": "kaiming_uniform_", "module__activation": "ELU", "batch_size": 32}, {"train_split": null, "optimizer__weight_decay": 0.0009161402457138521, "optimizer__nesterov": true, "optimizer__momentum": 0.2182182182182182, "optimizer__lr": 3.4043329793658708, "optimizer": "Adam", "module__init": "kaiming_uniform_", "module__activation": "ELU", "batch_size": 32}, {"train_split": null, "optimizer__weight_decay": 6.868103588995308e-05, "optimizer__nesterov": true, "optimizer__momentum": 0.933933933933934, "optimizer__lr": 0.2033800305846981, "optimizer": "Adam", "module__init": "xavier_uniform_", "module__activation": "ELU", "batch_size": 64}, {"train_split": null, "optimizer__weight_decay": 0, "optimizer__nesterov": true, "optimizer__momentum": 0.24424424424424424, "optimizer__lr": 8.860280018263818, "optimizer": "Adam", "module__init": "xavier_normal_", "module__activation": "PReLU", "batch_size": 64}, {"train_split": null, "optimizer__weight_decay": 4.7717609489387505e-05, "optimizer__nesterov": true, "optimizer__momentum": 0.8558558558558559, "optimizer__lr": 1.5370453687116545, "optimizer": "Adam", "module__init": "xavier_normal_",