{"mean_partial_fit_time": [16.221315137643384, 2.1833653234159995, 2.404245930934639, 2.059779315328402, 1.9872084007341675, 3.711691219620253, 3.4946748013359037, 3.285792664735896, 3.117963258131051, 2.1298701027293263, 1.9787651256278709, 2.252655595418357, 2.009880842004784, 1.9326987433335419, 2.082210815492481, 1.9941942878220797, 2.669501592102365, 2.2285161842534573, 2.668862166228118, 3.5751980273321333, 2.3485687181292247, 2.012354926317317, 5.813328719433443, 2.1863116315362876, 2.594332960898003], "mean_score_time": [4.031355287803053, 1.1409055077980574, 0.9716084415529981, 1.0301144368363997, 1.0075519261536774, 1.0346312964404072, 1.166770067725162, 1.9252431294555037, 1.0614345201248985, 1.1426749935856573, 1.0597666408789992, 1.0902775060002206, 0.96331809283284, 1.0268239082132347, 1.0197931552620092, 1.0278599644884652, 1.076555649439494, 1.0187144034193376, 1.1634616704634677, 1.1952097582718963, 1.116670700748271, 1.0273676752553556, 0.7203185568130556, 0.7862132694495558, 1.3504097137922122], "std_partial_fit_time": [4.297755568992027, 0.20799297703362973, 0.4705250214810529, 0.35622670403621054, 0.2410266101066296, 0.35892782091501063, 0.71720202758696, 0.5605615403990408, 0.4623168499035083, 0.21380482531651973, 0.28351974917318307, 0.3037237094826723, 0.44508337154267835, 0.25263532495992025, 0.40647263359735886, 0.18861291915432468, 0.4184133281990052, 0.33523857262564716, 0.3686418920519399, 0.7196035041768332, 0.2520626633745842, 0.1633306211720038, 1.3597200658661115, 0.6904001308623949, 0.33898366138221525], "std_score_time": [1.0491800897531678, 0.21299946215560003, 0.26239806326167775, 0.1489591785587236, 0.1899861305178848, 0.17883791845600233, 0.35226687964175085, 0.766744356817954, 0.23290775254302482, 0.2069188363036277, 0.16089532449571162, 0.2779960749935556, 0.24882909219144103, 0.23886491410536329, 0.19638400375588852, 0.14359036538347275, 0.28102562653828245, 0.20173715504774345, 0.25072807153694715, 0.37749455414906075, 0.21597336300351852, 0.16240937199641797, 0.22678969904127702, 0.1793258893520811, 0.36572702950419433], "test_score": [-0.25648048520088196, -0.08583370596170425, -0.1042475551366806, -0.11407790333032608, -0.10239848494529724, -0.10913141071796417, -0.0874522477388382, -0.07855285704135895, -0.1192081943154335, -0.09642940014600754, -0.08222655206918716, -0.09367001056671143, -5.6572723388671875, -0.15899589657783508, -0.1681283712387085, -0.08904395997524261, -0.115003302693367, -0.12351126968860626, -0.1069711446762085, -0.09752387553453445, -0.0996793732047081, -0.10750194638967514, -4.501043319702148, -5.917655944824219, -0.08322861045598984], "model_id": [0, 1, 2, 3, 4, 5, 6, 7, 8, 9, 10, 11, 12, 13, 14, 15, 16, 17, 18, 19, 20, 21, 22, 23, 24], "params": [{"train_split": null, "optimizer__weight_decay": 0.0005777790117970507, "optimizer__nesterov": true, "optimizer__momentum": 0.27427427427427425, "optimizer__lr": 8.173581782606457, "optimizer": "SGD", "module__init": "xavier_uniform_", "module__activation": "LeakyReLU", "batch_size": 32}, {"train_split": null, "optimizer__weight_decay": 1.1536181017364785e-05, "optimizer__nesterov": true, "optimizer__momentum": 0.11211211211211211, "optimizer__lr": 2.0267809180978706, "optimizer": "SGD", "module__init": "kaiming_uniform_", "module__activation": "ReLU", "batch_size": 128}, {"train_split": null, "optimizer__weight_decay": 1.11184960481927e-05, "optimizer__nesterov": true, "optimizer__momentum": 0.12512512512512514, "optimizer__lr": 2.122397995607671, "optimizer": "Adam", "module__init": "xavier_uniform_", "module__activation": "PReLU", "batch_size": 128}, {"train_split": null, "optimizer__weight_decay": 0.0001618859690178199, "optimizer__nesterov": true, "optimizer__momentum": 0.995995995995996, "optimizer__lr": 0.03162277660168379, "optimizer": "SGD", "module__init": "xavier_uniform_", "module__activation": "ReLU", "batch_size": 256}, {"train_split": null, "optimizer__weight_decay": 8.373806535266489e-05, "optimizer__nesterov": true, "optimizer__momentum": 0.05405405405405406, "optimizer__lr": 0.8738591569173056, "optimizer": "SGD", "module__init": "kaiming_uniform_", "module__activation": "ReLU", "batch_size": 256}, {"train_split": null, "optimizer__weight_decay": 0, "optimizer__nesterov": true, "optimizer__momentum": 0.2062062062062062, "optimizer__lr": 0.03631282695404956, "optimizer": "Adam", "module__init": "xavier_normal_", "module__activation": "ReLU", "batch_size": 128}, {"train_split": null, "optimizer__weight_decay": 0, "optimizer__nesterov": true, "optimizer__momentum": 0.3713713713713714, "optimizer__lr": 0.15072253093107563, "optimizer": "SGD", "module__init": "kaiming_normal_", "module__activation": "LeakyReLU", "batch_size": 32}, {"train_split": null, "optimizer__weight_decay": 1.4933932161242534e-05, "optimizer__nesterov": true, "optimizer__momentum": 0.26926926926926925, "optimizer__lr": 4.810410980499123, "optimizer": "SGD", "module__init": "xavier_uniform_", "module__activation": "PReLU", "batch_size": 32}, {"train_split": null, "optimizer__weight_decay": 2.8343433061513092e-05, "optimizer__nesterov": true, "optimizer__momentum": 0.4994994994994995, "optimizer__lr": 0.279219629152487, "optimizer": "Adam", "module__init": "kaiming_uniform_", "module__activation": "PReLU", "batch_size": 64}, {"train_split": null, "optimizer__weight_decay": 1.699144172034626e-05, "optimizer__nesterov": true, "optimizer__momentum": 0.6126126126126126, "optimizer__lr": 0.952750047242729, "optimizer": "Adam", "module__init": "xavier_normal_", "module__activation": "ELU", "batch_size": 512}, {"train_split": null, "optimizer__weight_decay": 1.1016459496336568e-05, "optimizer__nesterov": true, "optimizer__momentum": 0.9209209209209209, "optimizer__lr": 1.2419213527017836, "optimizer": "SGD", "module__init": "kaiming_uniform_", "module__activation": "LeakyReLU", "batch_size": 512}, {"train_split": null, "optimizer__weight_decay": 0, "optimizer__nesterov": true, "optimizer__momentum": 0.3003003003003003, "optimizer__lr": 0.05404216420705915, "optimizer": "SGD", "module__init": "xavier_uniform_", "module__activation": "PReLU", "batch_size": 128}, {"train_split": null, "optimizer__weight_decay": 1.09657929126781e-05, "optimizer__nesterov": true, "optimizer__momentum": 0.45145145145145144, "optimizer__lr": 3.8201646550322357, "optimizer": "Adam", "module__init": "kaiming_normal_", "module__activation": "PReLU", "batch_size": 512}, {"train_split": null, "optimizer__weight_decay": 0.0002651083601908536, "optimizer__nesterov": true, "optimizer__momentum": 0.7157157157157157, "optimizer__lr": 0.056266545228790446, "optimizer": "SGD", "module__init": "kaiming_normal_", "module__activation": "ReLU", "batch_size": 512}, {"train_split": null, "optimizer__weight_decay": 0.0006365079081295571, "optimizer__nesterov": true, "optimizer__momentum": 0.6926926926926927, "optimizer__lr": 0.033114638625052366, "optimizer": "Adam", "module__init": "xavier_normal_", "module__activation": "ReLU", "batch_size": 512}, {"train_split": null, "optimizer__weight_decay": 2.7570233256095827e-05, "optimizer__nesterov": true, "optimizer__momentum": 0.3303303303303303, "optimizer__lr": 3.6062601849747455, "optimizer": "SGD", "module__init": "kaiming_normal_", "module__activation": "ReLU", "batch_size": 256}, {"train_split": null, "optimizer__weight_decay": 0.00019377033374779888, "optimizer__nesterov": true, "optimizer__momentum": 0.7897897897897898, "optimizer__lr": 3.086664943337273, "optimizer": "Adam", "module__init": "kaiming_uniform_", "module__activation": "PReLU", "batch_size": 128}, {"train_split": null, "optimizer__weight_decay": 0.00022046687352394076, "optimizer__nesterov": true, "optimizer__momentum": 0.022022022022022022, "optimizer__lr": 5.620173848083186, "optimizer": "SGD", "module__init": "kaiming_uniform_", "module__activation": "ReLU", "batch_size": 128}, {"train_split": null, "optimizer__weight_decay": 0.0001267952846786434, "optimizer__nesterov": true,