,library,best_score,best_params,fit_time,start_time,n_params,n_jobs,max_epochs,n_models,partial_fit_calls
0,dask,0.9989870227689996,{'value': 0.9989870227689996},214.778564453125,1595460016.8705335,100,8,100,98.0,1252.0
1,ray,,,186.13413977622986,1595459830.6855447,100,8,100,,
2,sklearn,0.9868869366005173,{'value': 0.9868869366005173},1252.9091727733612,1595460231.657362,100,8,100,,
