{"mean_partial_fit_time": [1.4842650144679066, 1.5547338895836975, 1.4367685043272167, 1.4322636863331737, 1.5404838956432578, 1.5435206281795424, 1.4576607702200304, 1.3481540307096003, 1.351612307897811, 2.4859447165281194, 2.0517384760664323, 2.189047194312139, 2.497814939836416, 1.903406663196077, 1.9035868556411177, 1.9517431700671162, 1.7730504779658691, 1.5325867511607982, 3.399808845402282, 1.9493524419917982, 2.1991278968230197, 1.399399417908594, 1.7419886804902505, 2.1099177034794057, 1.7654959743405565, 1.62711528495506, 1.4698140081554774, 1.4282574074749104, 2.6378152733477056, 1.3636261229652435, 1.4717874006969938, 1.7859683242844946], "mean_score_time": [1.0775307981075082, 1.157755477928821, 1.0536985318847154, 1.1493372416790621, 1.1964482692043477, 1.1718034871811729, 1.1486510887067505, 1.0366174134697934, 1.0627485253683333, 1.4039520501109308, 1.318857122350622, 1.4328443621411735, 1.3372560037997525, 1.2134996628074488, 1.1495024608486475, 1.2386453357743628, 1.1929356227686376, 1.1245926456686892, 2.1458681453893216, 1.289400443128107, 1.4661915881152996, 1.0088274223814286, 1.1885852676360205, 1.3152892972216195, 1.2891640996736755, 1.172987284483733, 1.1428349910940163, 1.0358998029810902, 1.4420326737219413, 1.1374949172691062, 1.0553104975586565, 1.2719502370543931], "std_partial_fit_time": [0.9487894002406911, 0.931479597738948, 0.9102436263555674, 0.8728494036495563, 0.9267063069893826, 0.9574272829739469, 0.9345997267501429, 0.811135639414766, 0.8067482463660658, 1.5055764009635002, 1.3531664745255654, 1.3612308576102778, 1.5119200085611264, 1.1201951728317143, 1.1883869013272907, 1.1669519383637434, 1.0796333326631602, 0.9313392286322856, 2.403895034611931, 1.1660135641832758, 1.3603370929816132, 0.8652924943554502, 1.0587342306440044, 1.2620194716614324, 1.076545900824561, 0.9990747917774679, 0.8873912232593094, 0.8727584476288857, 1.5921680481462899, 0.815998779132594, 0.8887397964331998, 1.0692147533562082], "std_score_time": [0.3790164831114393, 0.5539148878612118, 0.48232378379504365, 0.667645328174867, 0.8017735665885661, 0.8164308821702082, 0.6022213715421458, 0.43478648552360705, 0.4703954743512547, 0.8232497414082137, 0.755119666674017, 0.8253354236154359, 0.6202931267812701, 0.4339814633011718, 0.48445088183122625, 1.1344112341078265, 0.671994506800529, 0.49611200983314374, 0.7815096631794375, 0.6794162848186159, 1.1197469372099822, 0.34631587351801496, 0.7201936695467507, 0.5842228662944899, 0.5500885189821327, 0.544242551506994, 0.5519207389665445, 0.4766117607672062, 0.895860233731186, 0.6408023148463969, 0.39508254533559206, 0.5918761698125488], "test_score": [-0.21246026456356049, -0.1734587699174881, -0.11765007674694061, -0.1389358788728714, -0.12208997458219528, -0.09865260124206543, -0.23657092452049255, -0.12627747654914856, -0.10050351917743683, -0.1336618810892105, -0.1476132720708847, -0.11975855380296707, -0.1945379674434662, -0.12091895192861557, -0.10018815845251083, -0.11477349698543549, -0.10141885280609131, -0.1085847020149231, -0.1226906031370163, -0.1065978929400444, -0.18152408301830292, -0.12131991237401962, -0.10238803178071976, -0.13764913380146027, -0.1318117380142212, -0.2019694298505783, -0.17067943513393402, -0.09815320372581482, -0.13002073764801025, -0.13776911795139313, -0.10146137326955795, -0.12181488424539566], "estimator_id": [0, 1, 2, 3, 4, 5, 6, 7, 8, 9, 10, 11, 12, 13, 14, 15, 16, 17, 18, 19, 20, 21, 22, 23, 24, 25, 26, 27, 28, 29, 30, 31], "params": [{"train_split": null, "optimizer__weight_decay": 8.296958520834916e-05, "optimizer__nesterov": true, "optimizer__momentum": 0.15815815815815815, "optimizer__lr": 0.04899933547366384, "optimizer": "SGD", "module__init": "xavier_uniform_", "module__activation": "LeakyReLU", "batch_size": 256}, {"train_split": null, "optimizer__weight_decay": 0.00019646866461804445, "optimizer__nesterov": true, "optimizer__momentum": 0.36436436436436437, "optimizer__lr": 0.04520174023414663, "optimizer": "SGD", "module__init": "kaiming_normal_", "module__activation": "PReLU", "batch_size": 128}, {"train_split": null, "optimizer__weight_decay": 0.00010544427935261685, "optimizer__nesterov": true, "optimizer__momentum": 0.40040040040040037, "optimizer__lr": 3.564938581802018, "optimizer": "SGD", "module__init": "kaiming_uniform_", "module__activation": "LeakyReLU", "batch_size": 256}, {"train_split": null, "optimizer__weight_decay": 0.0002578762887593801, "optimizer__nesterov": true, "optimizer__momentum": 0.9179179179179179, "optimizer__lr": 0.21420560511935155, "optimizer": "SGD", "module__init": "xavier_uniform_", "module__activation": "LeakyReLU", "batch_size": 256}, {"train_split": null, "optimizer__weight_decay": 3.284857366030047e-05, "optimizer__nesterov": true, "optimizer__momentum": 0.03203203203203203, "optimizer__lr": 0.5607234882852032, "optimizer": "SGD", "module__init": "kaiming_uniform_", "module__activation": "LeakyReLU", "batch_size": 128}, {"train_split": null, "optimizer__weight_decay": 0.00011195643194838783, "optimizer__nesterov": true, "optimizer__momentum": 0.5185185185185185, "optimizer__lr": 0.35567312527036726, "optimizer": "SGD", "module__init": "xavier_uniform_", "module__activation": "PReLU", "batch_size": 128}, {"train_split": null, "optimizer__weight_decay": 0, "optimizer__nesterov": true, "optimizer__momentum": 0.14214214214214213, "optimizer__lr": 0.07636298261282241, "optimizer": "SGD", "module__init": "kaiming_uniform_", "module__activation": "ReLU", "batch_size": 256}, {"train_split": null, "optimizer__weight_decay": 0, "optimizer__nesterov": true, "optimizer__momentum": 0.6726726726726726, "optimizer__lr": 0.11234417272482572, "optimizer": "SGD", "module__init": "xavier_normal_", "module__activation": "PReLU", "batch_size": 512}, {"train_split": null, "optimizer__weight_decay": 5.764488282925873e-05, "optimizer__nesterov": true, "optimizer__momentum": 0.6776776776776777, "optimizer__lr": 0.5838029245750189, "optimizer": "SGD", "module__init": "xavier_uniform_", "module__activation": "PReLU", "batch_size": 512}, {"train_split": null, "optimizer__weight_decay": 0.00016414029711444664, "optimizer__nesterov": true, "optimizer__momentum": 0.2732732732732733, "optimizer__lr": 3.909237823445728, "optimizer": "Adam", "module__init": "xavier_uniform_", "module__activation": "ReLU", "batch_size": 32}, {"train_split": null, "optimizer__weight_decay": 0.00011041880508541602, "optimizer__nesterov": true, "optimizer__momentum": 0.9459459459459459, "optimizer__lr": 0.8393129498166364, "optimizer": "Adam", "module__init": "kaiming_uniform_", "module__activation": "ReLU", "batch_size": 64}, {"train_split": null, "optimizer__weight_decay": 0.0001589282865622978, "optimizer__nesterov": true, "optimizer__momentum": 0.8408408408408409, "optimizer__lr": 0.10423606739764017, "optimizer": "SGD", "module__init": "kaiming_uniform_", "module__activation": "ELU", "batch_size": 32}, {"train_split": null, "optimizer__weight_decay": 0.0009161402457138521, "optimizer__nesterov": true, "optimizer__momentum": 0.2182182182182182, "optimizer__lr": 3.4043329793658708, "optimizer": "Adam", "module__init": "kaiming_uniform_", "module__activation": "ELU", "batch_size": 32}, {"train_split": null, "optimizer__weight_decay": 6.868103588995308e-05, "optimizer__nesterov": true, "optimizer__momentum": 0.933933933933934, "optimizer__lr": 0.2033800305846981, "optimizer": "Adam", "module__init": "xavier_uniform_", "module__activation": "ELU", "batch_size": 64}, {"train_split": null, "optimizer__weight_decay": 0, "optimizer__nesterov": true, "optimizer__momentum": 0.24424424424424424, "optimizer__lr": 8.860280018263818, "optimizer": "Adam", "module__init": "xavier_normal_", "module__activation": "PReLU", "batch_size": 64}, {"train_split": null, "optimizer__weight_decay": 4.7717609489387505e-05, "optimizer__nesterov": true, "optimizer__momentum": 0.8558558558558559, "optimizer__lr": 1.5370453687116545, "optimizer": "Adam",